{"cameraMode":{"drawMode":0,"name":"Shaded","section":"Shading Mode"},"sceneLighting":false,"audioPlay":false,"sceneViewState":{"m_AlwaysRefresh":false,"showFog":true,"showSkybox":true,"showFlares":true,"showImageEffects":true,"showParticleSystems":true,"showVisualEffectGraphs":true,"m_FxEnabled":true},"in2DMode":false,"pivot":{"x":80.81295013427735,"y":2.2144298553466799,"z":37.67720413208008},"rotation":{"x":0.28114861249923708,"y":0.009212309494614602,"z":-0.0027029647026211025,"w":0.9596313834190369},"size":46.11878967285156,"orthographic":false}